id,price,property_type,room_type,amenities,accommodates,bathrooms,bed_type,cancellation_policy,cleaning_fee,city,host_identity_verified,host_response_rate,host_since,neighbourhood,number_of_reviews,review_scores_rating,zipcode,bedrooms,beds
12513361,555.67999999999995,Apartment,Entire home/apt,"{TV,""Wireless Internet"",""Air conditioning"",""Smoke detector"",""Carbon monoxide detector"",Essentials,""Lock on bedroom door"",Hangers,Iron}",2,1,Real Bed,flexible,0,NYC,t,0.89000000000000001,11-18-15,East Harlem,3,87,10029,0,1
7196412,366.36000000000001,Cabin,Private room,"{""Wireless Internet"",Kitchen,Washer,Dryer,""Smoke detector"",""First aid kit"",""Fire extinguisher"",Essentials,""Hair dryer"",""translation missing: en.hosting_amenity_49"",""translation missing: en.hosting_amenity_50""}",2,3,Real Bed,moderate,0,LA,f,1,9-10-16,Valley Glen,14,91,91606,1,1
16333776,482.82999999999998,House,Private room,"{TV,""Cable TV"",Internet,""Wireless Internet"",Kitchen,""Free parking on premises"",""Pets live on this property"",Dog(s),""Indoor fireplace"",""Buzzer/wireless intercom"",Heating,Washer,Dryer,""Smoke detector"",""Carbon monoxide detector"",""First aid kit"",""Safety card"",""Fire extinguisher"",Essentials,Shampoo,""24-hour check-in"",Hangers,""Hair dryer"",Iron,""Laptop friendly workspace"",""translation missing: en.hosting_amenity_49"",""translation missing: en.hosting_amenity_50"",""Self Check-In"",Lockbox}",2,1,Real Bed,strict,1,SF,t,1,12-26-13,Richmond District,117,96,94118,1,1
1786412,448.86000000000001,Apartment,Private room,"{""Wireless Internet"",""Air conditioning"",Kitchen,Heating,""Suitable for events"",""Smoke detector"",""Carbon monoxide detector"",""First aid kit"",""Fire extinguisher"",Essentials,Shampoo,""Lock on bedroom door"",Hangers,""translation missing: en.hosting_amenity_49"",""translation missing: en.hosting_amenity_50""}",2,1,Real Bed,strict,1,NYC,t,0.93000000000000005,5-11-10,Williamsburg,8,86,11211,1,1
14575777,506.88999999999999,Villa,Private room,"{TV,Internet,""Wireless Internet"",""Air conditioning"",Kitchen,""Free parking on premises"",Essentials,Shampoo,""translation missing: en.hosting_amenity_49"",""translation missing: en.hosting_amenity_50""}",6,2,Real Bed,strict,1,LA,t,0.69999999999999996,10-22-15,,2,100,90703,3,3
20515889,720.78999999999996,Villa,Entire home/apt,"{TV,""Cable TV"",Internet,""Wireless Internet"",Kitchen,""Free parking on premises"",""Pets allowed"",""Elevator in building"",""Hot tub"",""Indoor fireplace"",Heating,""Family/kid friendly"",""Suitable for events"",Washer,Dryer,""Smoke detector"",""Carbon monoxide detector"",""First aid kit"",""Safety card"",""Fire extinguisher"",Essentials,Shampoo}",8,3,Real Bed,strict,1,LA,f,0.20000000000000001,5-26-14,Topanga,0,,90265,3,4
13783491,516.48000000000002,Villa,Private room,"{TV,""Cable TV"",Internet,""Wireless Internet"",""Air conditioning"",Pool,Kitchen,""Free parking on premises"",""Pets allowed"",""Hot tub"",""Indoor fireplace"",Heating,""Family/kid friendly"",Washer,Dryer,""Smoke detector"",""Carbon monoxide detector"",""Fire extinguisher"",Essentials,Shampoo,""Lock on bedroom door"",""24-hour check-in"",Hangers,""Hair dryer"",Iron,""Laptop friendly workspace""}",2,1,Real Bed,strict,1,LA,t,0.90000000000000002,8-20-15,Hollywood Hills,1,100,90046,1,1
6591755,529.33000000000004,Villa,Entire home/apt,"{TV,""Cable TV"",Internet,""Wireless Internet"",Kitchen,""Pets allowed"",""Pets live on this property"",""Buzzer/wireless intercom"",Heating,""Family/kid friendly"",Washer,Dryer,""Smoke detector"",""Carbon monoxide detector"",""Fire extinguisher"",Essentials,Hangers,""Hair dryer"",Iron,""Laptop friendly workspace""}",16,3,Real Bed,strict,1,LA,t,0.91000000000000003,1-16-16,Long Beach,88,90,90803,4,6
5203241,679.67999999999995,Villa,Entire home/apt,"{TV,""Cable TV"",Internet,""Wireless Internet"",""Air conditioning"",Pool,Kitchen,Gym,""Hot tub"",""Indoor fireplace"",Heating,""Family/kid friendly"",Washer,Dryer,""Smoke detector"",""Carbon monoxide detector"",""Fire extinguisher"",Essentials,Shampoo,""24-hour check-in"",Hangers,""Hair dryer"",Iron,""Laptop friendly workspace""}",6,2,Real Bed,strict,1,LA,t,1,8-17-17,Rancho Palos Verdes,1,100,90275,2,4
11508891,633.50999999999999,Villa,Entire home/apt,"{TV,Internet,""Wireless Internet"",Kitchen,""Free parking on premises"",Heating,""Family/kid friendly"",Washer,Dryer,Essentials,""24-hour check-in"",""Laptop friendly workspace"",""Self Check-In"",Keypad}",10,2,Real Bed,strict,1,LA,t,0.93999999999999995,8-12-15,Malibu,43,92,90265,2,2
18823930,485.98000000000002,Villa,Entire home/apt,"{TV,Internet,""Wireless Internet"",Kitchen,""Free parking on premises"",""Smoking allowed"",""Pets allowed"",Heating,""Family/kid friendly"",Washer,Dryer,Essentials,""24-hour check-in"",Hangers,Iron,""Laptop friendly workspace""}",6,1,Real Bed,moderate,1,LA,t,0.90000000000000002,12-06-13,Harbor Gateway,27,93,90501,2,2
15523281,598.89999999999998,Villa,Entire home/apt,"{TV,""Cable TV"",Internet,""Wireless Internet"",Pool,Kitchen,""Free parking on premises"",Gym,Breakfast,""Hot tub"",""Indoor fireplace"",Heating,""Family/kid friendly"",Washer,Dryer,""Smoke detector"",""Carbon monoxide detector"",Essentials,Shampoo,""Lock on bedroom door"",Hangers,""Private entrance""}",4,1,Real Bed,strict,1,LA,f,1,5-20-14,,5,88,90704,1,2
19698509,741.75999999999999,Villa,Entire home/apt,"{TV,""Cable TV"",Internet,""Wireless Internet"",""Air conditioning"",Kitchen,""Free parking on premises"",Heating,""Family/kid friendly"",Washer,Dryer,""Smoke detector"",""Carbon monoxide detector"",""First aid kit"",""Safety card"",""Fire extinguisher"",Essentials,Shampoo,Hangers,""Hair dryer"",Iron}",8,4,Real Bed,super_strict_60,1,LA,t,1,1-05-15,,0,,90277,4,4
12497464,431.75,Apartment,Private room,"{""Wireless Internet"",Kitchen,""Buzzer/wireless intercom"",Heating,""Family/kid friendly"",Washer,Dryer,""Smoke detector"",""Carbon monoxide detector""}",2,1,Real Bed,moderate,1,NYC,t,,1-14-14,Crown Heights,2,80,11238,1,1
17764793,469.13,Villa,Private room,"{TV,""Cable TV"",Internet,""Wireless Internet"",""Air conditioning"",Pool,""Pets live on this property"",Dog(s),""Free parking on street"",""Hot tub"",Heating,""Family/kid friendly"",""Smoke detector"",""Carbon monoxide detector"",Essentials,Shampoo,""Lock on bedroom door"",Hangers,""Hair dryer"",Iron,""Laptop friendly workspace"",""translation missing: en.hosting_amenity_50""}",2,1,Real Bed,moderate,1,LA,t,1,11-02-12,Topanga,6,100,91364,1,1
11136854,485.19999999999999,Villa,Entire home/apt,"{TV,Internet,""Wireless Internet"",""Air conditioning"",Kitchen,""Free parking on premises"",""Pets allowed"",Heating,""Family/kid friendly"",Washer,Dryer,""Smoke detector"",""Carbon monoxide detector"",""First aid kit"",""Fire extinguisher"",Essentials,Shampoo,Hangers,""Hair dryer"",Iron,""Laptop friendly workspace"",""Self Check-In"",""Doorman Entry""}",6,1,Real Bed,strict,1,LA,t,1,8-12-14,Temple City,28,96,91780,2,4
15754561,482.82999999999998,Apartment,Entire home/apt,"{""Wireless Internet"",""Air conditioning"",Kitchen,""Family/kid friendly"",""Smoke detector"",""Carbon monoxide detector"",""First aid kit"",""Safety card"",""Fire extinguisher"",Essentials,Hangers,Iron,""Laptop friendly workspace""}",4,1,Real Bed,moderate,1,NYC,f,1,6-07-17,Bedford-Stuyvesant,0,,11216,1,1
4471474,313.55000000000001,House,Shared room,{},1,1,Real Bed,flexible,1,LA,t,1,12-20-13,,0,,91405,1,1
13207484,368.88999999999999,House,Shared room,"{TV,""Cable TV"",Internet,""Wireless Internet"",""Air conditioning"",Kitchen,""Smoking allowed"",""Pets allowed"",""Pets live on this property"",Dog(s),""Buzzer/wireless intercom"",Heating,""Family/kid friendly"",""Suitable for events"",Washer,""Smoke detector"",""Carbon monoxide detector"",""First aid kit"",""Fire extinguisher"",Essentials,Shampoo,""24-hour check-in"",Hangers,""Hair dryer"",Iron,""Laptop friendly workspace""}",4,1,Couch,strict,1,LA,t,0.25,12-05-16,Hollywood,0,,90028,1,1
7837072,336.73000000000002,House,Private room,"{Internet,""Wireless Internet"",""Air conditioning"",Kitchen,""Free parking on premises"",""Indoor fireplace"",Heating,Washer,Dryer,""Smoke detector"",""Carbon monoxide detector"",""Fire extinguisher"",Essentials,Shampoo,Hangers,""Hair dryer"",Iron,""Laptop friendly workspace"",""translation missing: en.hosting_amenity_49"",""translation missing: en.hosting_amenity_50""}",2,1,Real Bed,moderate,0,LA,f,0.97999999999999998,7-02-17,,0,,91770,1,1
7823396,417.44,House,Private room,"{TV,""Cable TV"",""Wireless Internet"",""Air conditioning"",Heating,""Family/kid friendly"",""Smoke detector"",""Carbon monoxide detector"",Essentials,Hangers,""Hair dryer"",Iron,""Laptop friendly workspace"",""Private entrance"",""Hot water"",""Bed linens"",""Extra pillows and blankets"",""Ethernet connection"",Microwave,""Coffee maker"",Refrigerator,""Dishes and silverware"",""Long term stays allowed"",""Wide doorway"",""Flat, smooth pathway to front door"",""Well-lit path to entrance"",""Step-free access"",""Wide clearance to bed"",""Step-free access"",""Wide entryway""}",2,1,Real Bed,moderate,1,NYC,f,1,5-27-15,Richmond Hill,74,96,11419,1,1
7966742,423.41000000000003,House,Private room,"{Internet,""Wireless Internet"",""Air conditioning"",Kitchen,""Free parking on premises"",""Indoor fireplace"",Heating,Washer,Dryer,""Smoke detector"",""First aid kit"",""Fire extinguisher"",Essentials,Shampoo,""Lock on bedroom door"",Hangers,""Hair dryer"",Iron,""Laptop friendly workspace"",""translation missing: en.hosting_amenity_49"",""translation missing: en.hosting_amenity_50""}",2,1,Real Bed,strict,1,NYC,t,1,6-27-12,Bedford-Stuyvesant,18,89,11221,1,1
257568,389.18000000000001,House,Private room,"{TV,Internet,""Wireless Internet"",""Air conditioning"",Kitchen,""Buzzer/wireless intercom"",Heating,""Smoke detector"",""Carbon monoxide detector"",""First aid kit"",""Fire extinguisher"",Essentials,Shampoo,""Lock on bedroom door"",""24-hour check-in"",Hangers,""Hair dryer"",Iron,""Laptop friendly workspace"",""translation missing: en.hosting_amenity_49"",""translation missing: en.hosting_amenity_50"",""Self Check-In"",Keypad}",3,1,Real Bed,strict,1,NYC,t,1,4-20-13,Astoria,246,90,11106,1,1
18073864,482.82999999999998,Apartment,Entire home/apt,"{TV,""Cable TV"",Internet,""Wireless Internet"",""Air conditioning"",Pool,Kitchen,""Free parking on premises"",Gym,""Hot tub"",Heating,""Family/kid friendly"",Washer,Dryer,Essentials,Shampoo,""24-hour check-in"",Hangers,""Hair dryer"",""translation missing: en.hosting_amenity_50""}",4,2,Real Bed,flexible,1,LA,t,1,9-27-12,,10,90,91302,2,2
13667633,541.61000000000001,House,Entire home/apt,"{TV,""Cable TV"",Internet,""Wireless Internet"",Kitchen,""Free parking on premises"",""Pets live on this property"",Dog(s),Heating,""Family/kid friendly"",""Suitable for events"",Washer,Dryer,""Smoke detector"",""Carbon monoxide detector"",""First aid kit"",""Safety card"",""Fire extinguisher"",Essentials,Shampoo}",5,2,Real Bed,flexible,1,LA,t,1,5-08-15,Westchester/Playa Del Rey,8,94,90045,2,2
590903,662.00999999999999,House,Entire home/apt,"{TV,""Cable TV"",Internet,""Wireless Internet"",""Air conditioning"",Pool,Kitchen,""Free parking on premises"",""Indoor fireplace"",Heating,""Family/kid friendly"",Washer,Dryer,""Smoke detector"",""Carbon monoxide detector"",Essentials,Shampoo,Hangers,""Hair dryer"",Iron,""Laptop friendly workspace"",""Self Check-In"",Lockbox,""Private entrance""}",6,2,Real Bed,moderate,1,LA,t,1,3-01-15,Mid-Wilshire,2,100,90048,3,3
19161964,391.19999999999999,House,Private room,"{Internet,""Wireless Internet"",""Air conditioning"",""Free parking on premises"",""Hot tub"",""Family/kid friendly"",Washer,Dryer,""Smoke detector"",""Carbon monoxide detector"",""First aid kit"",Shampoo,""Hair dryer"",Iron}",1,1,Real Bed,flexible,1,LA,f,,7-14-16,,0,,90650,1,1
19475815,470.05000000000001,House,Private room,"{TV,Internet,""Wireless Internet"",""Air conditioning"",Kitchen,""Pets allowed"",Breakfast,Heating,Essentials,Shampoo,""Lock on bedroom door"",Hangers,""Hair dryer"",Iron,""Laptop friendly workspace"",""translation missing: en.hosting_amenity_49"",""translation missing: en.hosting_amenity_50"",""Private living room""}",2,1,Real Bed,moderate,1,NYC,t,0.59999999999999998,11-14-15,Astoria,4,93,11106,1,1
1407841,412.70999999999998,House,Private room,"{TV,""Wireless Internet"",""Air conditioning"",Kitchen,""Free parking on premises"",Breakfast,""Indoor fireplace"",Heating,Washer,Dryer,""Smoke detector"",""Carbon monoxide detector"",""First aid kit"",""Safety card"",""Fire extinguisher"",Essentials,Shampoo,""Lock on bedroom door"",Hangers,""Hair dryer"",Iron,""Laptop friendly workspace"",""translation missing: en.hosting_amenity_49"",""translation missing: en.hosting_amenity_50""}",2,1,Real Bed,moderate,1,LA,t,1,5-27-16,Mar Vista,18,99,90066,1,1
1535628,407.75,House,Private room,"{""Wireless Internet"",Kitchen,""Pets live on this property"",Dog(s),Heating,Washer,Dryer,""Smoke detector"",""Carbon monoxide detector"",Essentials,Hangers,""translation missing: en.hosting_amenity_49"",""translation missing: en.hosting_amenity_50""}",2,2,Real Bed,moderate,1,NYC,f,1,3-10-16,Hunts Point,4,100,10474,1,1
6888244,501.06,House,Private room,"{TV,""Wireless Internet"",""Air conditioning"",Pool,Kitchen,""Pets allowed"",Heating,""Family/kid friendly"",Washer,Dryer,""Smoke detector"",""Fire extinguisher"",Essentials,Shampoo,""Lock on bedroom door"",Hangers,""Hair dryer"",Iron,""Laptop friendly workspace"",""Self Check-In"",Lockbox,""Bed linens"",""Extra pillows and blankets""}",2,2,Real Bed,strict,1,NYC,t,1,3-25-11,Carroll Gardens,8,83,11231,1,1
8889145,539.36000000000001,House,Entire home/apt,"{TV,""Wireless Internet"",""Air conditioning"",Kitchen,""Free parking on premises"",""Indoor fireplace"",Heating,""Family/kid friendly"",Washer,Dryer,""Smoke detector"",Essentials}",4,2,Real Bed,moderate,1,LA,t,,1-06-12,Studio City,0,,91604,2,2
15073872,474.49000000000001,House,Private room,"{TV,""Cable TV"",Internet,""Wireless Internet"",""Air conditioning"",Kitchen,""Free parking on premises"",""Smoking allowed"",""Pets allowed"",Gym,""Pets live on this property"",Dog(s),Cat(s),Heating,""Family/kid friendly"",""Smoke detector"",""Carbon monoxide detector"",""First aid kit"",""Safety card"",""Fire extinguisher"",Essentials,Shampoo,""Lock on bedroom door"",""24-hour check-in"",Hangers,""Hair dryer"",Iron,""Laptop friendly workspace""}",4,1,Real Bed,flexible,0,LA,t,1,3-06-13,Studio City,6,100,91604,1,1
10174146,695.64999999999998,House,Entire home/apt,"{TV,Internet,""Wireless Internet"",""Air conditioning"",Pool,Kitchen,""Free parking on premises"",""Hot tub"",""Indoor fireplace"",Heating,""Family/kid friendly"",""Suitable for events"",Washer,Dryer,""Smoke detector"",""Carbon monoxide detector"",""First aid kit"",""Fire extinguisher"",Shampoo}",9,4,Real Bed,moderate,1,LA,t,0.82999999999999996,8-09-15,,1,100,90048,5,5
12600300,424.85000000000002,House,Private room,"{""Wireless Internet"",""Air conditioning"",Kitchen,Heating,""Family/kid friendly"",Washer,Dryer,""Smoke detector"",""Carbon monoxide detector"",Essentials,Shampoo,Hangers,""Hair dryer"",""Laptop friendly workspace"",""translation missing: en.hosting_amenity_50"",""Self Check-In"",Keypad}",4,2,Real Bed,strict,1,NYC,f,0.98999999999999999,5-06-17,Flushing,12,93,11355,1,2
62427,667.83000000000004,Villa,Entire home/apt,"{TV,""Cable TV"",Internet,""Wireless Internet"",""Air conditioning"",Pool,Kitchen,""Free parking on premises"",Gym,""Indoor fireplace"",Heating,""Family/kid friendly"",""Suitable for events"",Washer,Dryer,""Smoke detector"",""Carbon monoxide detector"",""First aid kit"",""Fire extinguisher"",Essentials,Shampoo,""24-hour check-in"",Hangers,""Hair dryer"",Iron,""Laptop friendly workspace"",""Self Check-In"",""Doorman Entry""}",12,4,Real Bed,strict,1,LA,t,1,9-28-11,Topanga,32,99,90290,4,4
5447656,417.44,House,Private room,"{TV,""Cable TV"",""Wireless Internet"",""Air conditioning"",Kitchen,""Indoor fireplace"",Heating,""Family/kid friendly"",Washer,Dryer,""Smoke detector"",""Carbon monoxide detector"",Essentials,Hangers,""Hair dryer"",Iron}",2,1,Real Bed,flexible,1,DC,t,1,3-25-11,Logan Circle,7,97,20005,1,1
2974433,529.33000000000004,House,Entire home/apt,"{TV,""Cable TV"",Internet,""Wireless Internet"",Kitchen,""Free parking on premises"",""Hot tub"",Heating,""Family/kid friendly"",""Suitable for events"",""Smoke detector"",""Carbon monoxide detector"",""First aid kit"",""Fire extinguisher"",Essentials,Shampoo}",4,1,Real Bed,strict,0,LA,t,1,11-28-11,Long Beach,109,97,90803,1,1
17010314,430.41000000000003,House,Private room,"{""Wireless Internet"",""Air conditioning"",Pool,Kitchen,""Free parking on premises"",""Pets allowed"",""Pets live on this property"",Dog(s),Cat(s),""Other pet(s)"",Heating,""Family/kid friendly"",Washer,""Smoke detector"",""Carbon monoxide detector"",""First aid kit"",""Fire extinguisher"",Essentials,Shampoo,""24-hour check-in"",Hangers,""Hair dryer"",""Laptop friendly workspace"",""translation missing: en.hosting_amenity_50""}",2,1,Real Bed,moderate,1,LA,t,1,3-06-13,,33,99,91506,1,1
20167264,385.00999999999999,House,Private room,"{Internet,""Wireless Internet"",""Air conditioning"",Kitchen,""Free parking on premises"",Breakfast,Heating,Washer,Dryer,""Smoke detector"",""Carbon monoxide detector"",Essentials,Shampoo,""translation missing: en.hosting_amenity_49"",""translation missing: en.hosting_amenity_50""}",1,1,Real Bed,flexible,1,Boston,t,1,3-06-13,Dorchester,220,98,2125,1,1
4156913,570.38,House,Entire home/apt,"{TV,""Wireless Internet"",""Air conditioning"",Kitchen,""Free parking on premises"",""Pets allowed"",Heating,""Family/kid friendly"",""Suitable for events"",Washer,Dryer,""Smoke detector"",""Carbon monoxide detector"",""First aid kit"",""Safety card"",""Fire extinguisher"",Essentials,Hangers,""Hair dryer"",""Laptop friendly workspace""}",6,2,Real Bed,moderate,1,NYC,f,1,5-30-16,The Rockaways,2,100,11509,4,5
11993790,602.83000000000004,House,Entire home/apt,"{TV,""Wireless Internet"",""Air conditioning"",Kitchen,Breakfast,""Indoor fireplace"",Heating,""Family/kid friendly"",Washer,Dryer,""Smoke detector"",""Carbon monoxide detector"",""First aid kit"",""Safety card"",""Fire extinguisher"",Essentials,Shampoo,""Lock on bedroom door"",Hangers,""Hair dryer"",Iron,""Laptop friendly workspace"",""translation missing: en.hosting_amenity_50"",""Private entrance"",""Children��s books and toys"",""Fireplace guards"",Microwave,""Coffee maker"",Refrigerator,Dishwasher,""Dishes and silverware"",""Cooking basics"",Oven,Stove}",7,2,Real Bed,strict,1,NYC,f,1,5-06-17,Windsor Terrace,0,,11218,5,5
10989476,455.38999999999999,House,Private room,"{TV,""Cable TV"",Internet,""Wireless Internet"",Kitchen,Heating,Washer,Dryer,""Smoke detector"",""Carbon monoxide detector"",""First aid kit"",Essentials,Shampoo,""24-hour check-in"",Hangers,""Laptop friendly workspace"",""translation missing: en.hosting_amenity_49"",""translation missing: en.hosting_amenity_50"",""Hot water"",""Bed linens""}",2,1,Real Bed,moderate,1,SF,t,1,4-20-13,Bernal Heights,28,98,94110,1,1
7939396,459.50999999999999,Villa,Entire home/apt,"{TV,""Cable TV"",Internet,""Wireless Internet"",Kitchen,""Pets allowed"",Heating,""Family/kid friendly"",Washer,Dryer,""Smoke detector"",""Carbon monoxide detector"",""Fire extinguisher"",""24-hour check-in"",Hangers,""Hair dryer""}",6,1,Real Bed,strict,1,LA,t,0.91000000000000003,1-16-14,Long Beach,120,89,90803,2,3
17840858,529.83000000000004,House,Private room,"{""Cable TV"",Internet,""Wireless Internet"",""Air conditioning"",Pool,""Hot tub"",Heating,""Smoke detector"",Essentials}",2,1,Real Bed,moderate,1,LA,f,,3-10-15,Mid-Wilshire,0,,90048,1,1
2444713,506.88999999999999,House,Entire home/apt,"{TV,Internet,""Wireless Internet"",""Air conditioning"",Kitchen,Heating,""Smoke detector"",""Carbon monoxide detector"",""First aid kit"",""Fire extinguisher"",Essentials,Shampoo,""24-hour check-in"",Hangers,""Hair dryer"",Iron,""Laptop friendly workspace"",""translation missing: en.hosting_amenity_50""}",2,1,Real Bed,moderate,1,LA,t,1,6-20-14,Echo Park,117,98,90039,0,1
13276443,470.05000000000001,House,Private room,"{""Cable TV"",Internet,""Wireless Internet"",""Air conditioning"",Kitchen,""Indoor fireplace"",Washer,""Smoke detector"",""Carbon monoxide detector"",""First aid kit"",Shampoo}",2,1,Real Bed,flexible,0,SF,t,,5-15-13,Russian Hill,2,100,94109,1,1
19947454,459.50999999999999,Apartment,Private room,"{TV,Internet,""Wireless Internet"",Kitchen,""Free parking on premises"",""Hot tub"",Heating,Washer,Dryer,""Smoke detector"",""Carbon monoxide detector"",Essentials,Shampoo,Hangers,""Hair dryer"",Iron,""Laptop friendly workspace"",""translation missing: en.hosting_amenity_49"",""translation missing: en.hosting_amenity_50""}",2,1,Real Bed,flexible,1,LA,t,1,4-14-14,Westwood,10,98,90024,1,1
13653016,417.44,Other,Private room,"{TV,Internet,""Wireless Internet"",""Air conditioning"",""Smoking allowed"",Heating,""Family/kid friendly"",""Smoke detector"",""Carbon monoxide detector"",""First aid kit"",""Safety card"",""Fire extinguisher"",""24-hour check-in""}",3,1,Real Bed,strict,0,LA,f,1,11-28-16,,1,20,90731,1,1
20942873,480.39999999999998,Condominium,Private room,"{TV,""Cable TV"",Internet,""Wireless Internet"",Kitchen,""Free parking on premises"",""Indoor fireplace"",Heating,Washer,Dryer,""Smoke detector"",""Carbon monoxide detector"",Essentials,Shampoo,""Lock on bedroom door"",Hangers,""Hair dryer"",""translation missing: en.hosting_amenity_49"",""translation missing: en.hosting_amenity_50"",""Self Check-In"",Lockbox}",2,1,Real Bed,flexible,0,LA,t,0.80000000000000004,9-13-13,Santa Monica,28,96,90405,1,1
19583726,552.14999999999998,Condominium,Entire home/apt,"{TV,Internet,""Wireless Internet"",""Air conditioning"",Kitchen,""Buzzer/wireless intercom"",Heating,Washer,Dryer,""Smoke detector"",""Carbon monoxide detector"",""Fire extinguisher"",Essentials,Shampoo,""24-hour check-in"",Hangers,""Hair dryer"",Iron,""Laptop friendly workspace"",""translation missing: en.hosting_amenity_49"",""translation missing: en.hosting_amenity_50""}",4,2,Real Bed,moderate,0,Boston,f,,6-08-15,South Boston,15,97,2127,2,2
17196103,482.82999999999998,Apartment,Entire home/apt,"{TV,""Cable TV"",Internet,""Wireless Internet"",""Air conditioning"",Kitchen,""Free parking on premises"",""Elevator in building"",""Indoor fireplace"",""Buzzer/wireless intercom"",Heating,Washer,Dryer,Essentials,Shampoo,""24-hour check-in"",Hangers,""Hair dryer"",Iron,""Laptop friendly workspace""}",4,1,Real Bed,moderate,1,LA,t,0.89000000000000001,12-25-09,Marina Del Rey,11,91,90292,1,1
9318115,680.13,House,Entire home/apt,"{Internet,""Wireless Internet"",Kitchen,""Free parking on premises"",""Pets allowed"",""Indoor fireplace"",Heating,""Family/kid friendly"",Washer,""Smoke detector"",""Carbon monoxide detector"",""First aid kit"",Essentials,Shampoo,Hangers,""Hair dryer"",""Laptop friendly workspace"",""Private entrance""}",5,1,Real Bed,strict,1,LA,f,1,6-13-16,Malibu,0,,90265,3,3
9937434,497.67000000000002,Apartment,Entire home/apt,"{TV,""Wireless Internet"",""Air conditioning"",Heating,""Family/kid friendly"",Washer,Dryer,""Smoke detector"",""Carbon monoxide detector"",Essentials,Shampoo,""Lock on bedroom door"",Hangers,""Hair dryer"",Iron,""translation missing: en.hosting_amenity_50"",""Self Check-In"",Keypad}",2,1,Real Bed,strict,1,LA,t,1,3-23-16,Hermosa Beach,1,60,90254,0,1
4454031,685.64999999999998,House,Entire home/apt,"{TV,Internet,""Wireless Internet"",Kitchen,""Free parking on premises"",""Pets live on this property"",""Other pet(s)"",Heating,""Family/kid friendly"",Washer,Dryer,""Smoke detector"",""Carbon monoxide detector"",Essentials,Shampoo,""Hair dryer""}",6,2,Real Bed,moderate,1,LA,t,1,10-08-14,,6,100,90266,4,4
16259866,361.08999999999997,House,Private room,"{""Wireless Internet"",""Air conditioning"",Kitchen,Heating,""Family/kid friendly"",""Smoke detector"",""Carbon monoxide detector"",""First aid kit"",""Fire extinguisher"",Essentials,""Lock on bedroom door"",Hangers,""Laptop friendly workspace"",""translation missing: en.hosting_amenity_50""}",2,1,Real Bed,flexible,0,NYC,f,1,1-11-16,East New York,14,85,11208,1,1
20282225,507.51999999999998,Apartment,Private room,"{Internet,""Wireless Internet"",""Air conditioning"",Kitchen,Heating,Washer,Dryer,""Smoke detector"",""Carbon monoxide detector"",""Fire extinguisher"",Essentials,Shampoo,Hangers,""Hair dryer"",""Laptop friendly workspace""}",2,1,Real Bed,moderate,1,Boston,f,1,7-14-14,Dorchester,1,100,2125,1,1
23269,519.29999999999995,Condominium,Entire home/apt,"{TV,Internet,""Wireless Internet"",""Air conditioning"",""Wheelchair accessible"",Kitchen,""Free parking on premises"",Gym,""Pets live on this property"",""Elevator in building"",Heating,""Family/kid friendly"",Washer,Dryer,""Smoke detector"",""Carbon monoxide detector"",Shampoo,Hangers,""Hair dryer"",Iron,""Laptop friendly workspace""}",6,2,Real Bed,moderate,1,LA,t,1,11-29-15,,10,100,90802,2,2
7637363,661.87,House,Entire home/apt,"{TV,""Wireless Internet"",Pool,Kitchen,""Free parking on premises"",""Hot tub"",""Indoor fireplace"",Heating,""Family/kid friendly"",Washer,Dryer,""Smoke detector"",""Carbon monoxide detector"",Essentials,Shampoo,Hangers,""Hair dryer"",Iron,""translation missing: en.hosting_amenity_50""}",8,3,Real Bed,strict,1,LA,t,1,1-12-14,Manhattan Beach,5,96,90266,4,4
6391342,417.44,House,Private room,"{TV,""Cable TV"",Internet,""Wireless Internet"",""Air conditioning"",Kitchen,""Free parking on premises"",Breakfast,""Indoor fireplace"",""Buzzer/wireless intercom"",Heating,Washer,Dryer,""Smoke detector"",""First aid kit"",""Fire extinguisher"",Essentials,Shampoo,""24-hour check-in"",Iron}",2,1,Real Bed,strict,1,LA,f,1,6-24-14,Westlake,36,96,90005,1,1
11606802,455.38999999999999,House,Entire home/apt,"{TV,""Cable TV"",Internet,""Wireless Internet"",""Air conditioning"",Kitchen,""Free parking on premises"",""Pets allowed"",Breakfast,Heating,""Family/kid friendly"",Washer,Dryer,""Smoke detector"",""Carbon monoxide detector"",""First aid kit"",""Safety card"",""Fire extinguisher"",Essentials,Shampoo,""24-hour check-in"",Hangers,""Hair dryer"",Iron,""Laptop friendly workspace"",""Private entrance""}",5,1,Real Bed,moderate,1,LA,t,1,6-22-16,Westlake,45,97,90015,1,2
12289125,486.75,House,Entire home/apt,"{TV,Internet,""Wireless Internet"",""Air conditioning"",Kitchen,Breakfast,""Indoor fireplace"",""Buzzer/wireless intercom"",Heating,""Smoke detector"",""Carbon monoxide detector"",""Fire extinguisher"",Essentials,Shampoo,Hangers,Iron,""Laptop friendly workspace"",""translation missing: en.hosting_amenity_49"",""translation missing: en.hosting_amenity_50""}",6,2,Real Bed,strict,1,LA,t,0.80000000000000004,2-02-14,Westlake,31,95,90057,2,4
19875244,630.99000000000001,Condominium,Entire home/apt,"{TV,""Cable TV"",""Wireless Internet"",""Air conditioning"",Kitchen,Breakfast,""Indoor fireplace"",""Buzzer/wireless intercom"",Heating,""Family/kid friendly"",Washer,Dryer,""Smoke detector"",""Carbon monoxide detector"",""Safety card"",""Fire extinguisher"",Essentials,Shampoo,Hangers,""Hair dryer"",Iron,""Laptop friendly workspace""}",6,2,Real Bed,flexible,1,Chicago,t,1,9-27-10,Lakeview,0,,60657,2,2
392794,270.81,House,Shared room,"{TV,""Cable TV"",Internet,""Wireless Internet"",""Air conditioning"",Kitchen,Heating,Washer,Dryer,""Smoke detector"",""Carbon monoxide detector"",""First aid kit"",""Safety card"",""Fire extinguisher"",Essentials,Shampoo,""Lock on bedroom door"",Hangers,""Hair dryer"",Iron,""Laptop friendly workspace"",""translation missing: en.hosting_amenity_49"",""translation missing: en.hosting_amenity_50""}",4,1,Real Bed,strict,0,LA,t,0.98999999999999999,3-27-16,Westlake,35,85,90006,1,10
992786,474.49000000000001,Apartment,Entire home/apt,"{TV,Internet,""Wireless Internet"",""Air conditioning"",Kitchen,""Pets allowed"",""Pets live on this property"",Dog(s),""Buzzer/wireless intercom"",Heating,""Smoke detector"",""First aid kit"",""Safety card"",Essentials,Shampoo,""24-hour check-in"",Hangers,Iron,""Laptop friendly workspace"",""translation missing: en.hosting_amenity_49"",""translation missing: en.hosting_amenity_50""}",2,1,Real Bed,moderate,1,NYC,t,0.67000000000000004,2-04-12,Harlem,21,96,10035,1,1
13650177,438.19999999999999,Apartment,Private room,"{TV,""Cable TV"",Internet,""Wireless Internet"",""Air conditioning"",""Wheelchair accessible"",Kitchen,Elevator,Heating,""Family/kid friendly"",Washer,Dryer,""Smoke detector"",""First aid kit"",""Fire extinguisher"",Essentials,Hangers,Iron,""Laptop friendly workspace"",""Hot water"",""Bed linens"",Microwave,""Coffee maker"",Refrigerator,""Dishes and silverware"",""Cooking basics"",Oven,Stove}",2,1,Real Bed,strict,1,NYC,t,1,7-04-15,Harlem,2,100,10030,1,1
5792141,486.75,Apartment,Entire home/apt,"{TV,Internet,""Wireless Internet"",""Air conditioning"",Kitchen,""Buzzer/wireless intercom"",Heating,""Family/kid friendly"",""Smoke detector"",Hangers,""Hair dryer"",Iron}",4,1,Real Bed,strict,1,NYC,t,0.80000000000000004,12-03-10,Harlem,85,90,10027,1,2
6390069,570.38,Apartment,Entire home/apt,"{TV,""Wireless Internet"",Kitchen,""Buzzer/wireless intercom"",Heating,""Family/kid friendly"",""Smoke detector"",""Carbon monoxide detector"",Essentials,""Laptop friendly workspace""}",4,1,Real Bed,moderate,1,NYC,t,,1-17-11,Harlem,0,,10027,2,3
8579757,501.06,Condominium,Entire home/apt,"{TV,""Wireless Internet"",""Air conditioning"",Kitchen,Elevator,Heating,""Family/kid friendly"",""Suitable for events"",""Smoke detector"",""Carbon monoxide detector"",""First aid kit"",Essentials,Shampoo,""Lock on bedroom door"",Hangers,""Hair dryer"",Iron}",5,1,Real Bed,moderate,0,NYC,f,0.93000000000000005,1-05-17,Harlem,2,90,10039,2,3
14115855,448.86000000000001,Apartment,Private room,"{TV,""Wireless Internet"",Kitchen,Washer,Dryer,""Smoke detector"",Essentials,Hangers,""Hair dryer"",Iron,""Laptop friendly workspace"",""Hot water"",""Bed linens"",""Extra pillows and blankets""}",2,1,Real Bed,moderate,0,NYC,f,1,8-10-13,Harlem,8,100,10031,1,1
685364,478.75,Apartment,Entire home/apt,"{Internet,""Wireless Internet"",""Air conditioning"",Kitchen,""Hot tub"",""Buzzer/wireless intercom"",Heating}",3,1,Real Bed,moderate,0,NYC,t,1,5-12-12,Harlem,7,100,10035,1,1
20031027,409.43000000000001,Apartment,Private room,"{TV,""Wireless Internet"",""Air conditioning"",Kitchen,""Smoking allowed"",""Pets allowed"",Heating,""Smoke detector"",""Carbon monoxide detector"",Essentials,""Lock on bedroom door"",Hangers,Iron,""Laptop friendly workspace"",""Private living room""}",2,1,Real Bed,flexible,1,NYC,f,1,12-16-14,Harlem,4,100,10030,1,1
2399406,389.18000000000001,Apartment,Private room,"{""Wireless Internet"",Kitchen,""Pets allowed"",Breakfast,Elevator,""Family/kid friendly"",""Smoke detector"",""Carbon monoxide detector"",""First aid kit"",Essentials,Shampoo,""Lock on bedroom door"",Hangers,""Hair dryer"",Iron,""Laptop friendly workspace"",""translation missing: en.hosting_amenity_50""}",2,1,Real Bed,flexible,0,NYC,f,1,2-28-16,Harlem,12,92,10030,1,1
15991936,551.75,Apartment,Entire home/apt,"{TV,""Wireless Internet"",""Air conditioning"",Kitchen,Heating,""Family/kid friendly"",Washer,Dryer,""Smoke detector"",""Carbon monoxide detector"",""First aid kit"",""Fire extinguisher"",Essentials,Shampoo,""Lock on bedroom door"",Hangers,""Hair dryer"",Iron,""Laptop friendly workspace"",""Self Check-In"",Keypad,""Private living room"",""High chair"",""Children��s books and toys"",""Window guards"",Crib,""Pack ��n Play/travel crib"",""Children��s dinnerware"",""Hot water"",""Bed linens"",""Extra pillows and blankets"",""Coffee maker"",Refrigerator,Dishwasher,""Dishes and silverware"",""Cooking basics"",Oven,Stove,""Luggage dropoff allowed"",""Long term stays allowed"",""Wide hallway clearance"",""Wide doorway"",""Well-lit path to entrance""}",4,1,Real Bed,moderate,1,NYC,t,1,9-20-13,Harlem,19,99,10027,2,2
17497415,404.31,Apartment,Shared room,"{""Wireless Internet"",Kitchen,Elevator,""Family/kid friendly"",""Smoke detector"",Essentials,Shampoo,""Hair dryer"",Iron,""translation missing: en.hosting_amenity_50""}",2,1,Real Bed,flexible,1,NYC,t,0.22,10-08-16,Harlem,6,84,10027,1,1
5321538,674.51999999999998,Townhouse,Entire home/apt,"{TV,""Cable TV"",Internet,""Wireless Internet"",""Air conditioning"",Kitchen,""Indoor fireplace"",""Smoke detector"",""Carbon monoxide detector"",""translation missing: en.hosting_amenity_49"",""translation missing: en.hosting_amenity_50""}",8,1,Real Bed,flexible,1,NYC,f,1,9-13-13,Harlem,0,,10027,0,1
6228461,409.43000000000001,Apartment,Private room,"{TV,""Wireless Internet"",""Air conditioning"",Kitchen,Breakfast,""Pets live on this property"",Cat(s),""Buzzer/wireless intercom"",Heating,Washer,Dryer,""Smoke detector"",""Carbon monoxide detector"",""First aid kit"",""Fire extinguisher"",Essentials,""Lock on bedroom door"",Hangers,""Hair dryer"",Iron,""Laptop friendly workspace"",""translation missing: en.hosting_amenity_49"",""translation missing: en.hosting_amenity_50"",""Hot water"",""Bed linens"",""Extra pillows and blankets"",Microwave,""Coffee maker"",Refrigerator,Dishwasher,""Dishes and silverware"",""Cooking basics"",Oven,Stove}",2,1,Real Bed,flexible,1,NYC,t,1,3-19-13,Harlem,7,97,10030,1,1
12954602,465.39999999999998,Loft,Entire home/apt,"{Internet,""Wireless Internet"",""Free parking on premises"",Heating,""Family/kid friendly"",""Smoke detector"",""Carbon monoxide detector"",""First aid kit"",""Fire extinguisher"",Essentials,Shampoo,""24-hour check-in"",Hangers,""Hair dryer"",Iron,""Laptop friendly workspace"",""Self Check-In"",Lockbox}",3,1,Real Bed,moderate,1,LA,f,1,11-14-15,Westside,43,97,90064,0,2
15409556,355.52999999999997,House,Private room,"{""Family/kid friendly"",""Smoke detector""}",2,1,Real Bed,strict,1,LA,t,1,12-14-15,Hawthorne,5,92,90250,1,1
14057888,494.16000000000003,Apartment,Entire home/apt,"{TV,""Cable TV"",""Wireless Internet"",""Air conditioning"",""Wheelchair accessible"",Kitchen,Doorman,Elevator,""Buzzer/wireless intercom"",Heating,""Family/kid friendly"",Washer,Dryer,""Smoke detector"",""Carbon monoxide detector"",""Fire extinguisher"",Essentials,Shampoo,Hangers,Iron,""translation missing: en.hosting_amenity_50""}",4,1,Real Bed,flexible,1,NYC,t,1,5-20-13,Harlem,16,91,10037,1,1
21005590,444.26999999999998,Apartment,Private room,"{TV,""Wireless Internet"",""Air conditioning"",Kitchen,""Smoking allowed"",""Pets allowed"",Elevator,Heating,""Family/kid friendly"",Washer,Dryer,""Smoke detector"",""Carbon monoxide detector"",""First aid kit"",Essentials,Shampoo,""Lock on bedroom door"",Hangers,""Hair dryer"",Iron}",3,1,Real Bed,flexible,0,NYC,t,,3-20-16,Harlem,0,,10039,2,1
4698479,510.58999999999997,Apartment,Entire home/apt,"{TV,Internet,""Wireless Internet"",""Air conditioning"",""Wheelchair accessible"",Kitchen,Gym,Elevator,""Buzzer/wireless intercom"",Heating,""Family/kid friendly"",Washer,Dryer,""Smoke detector"",""Carbon monoxide detector"",""Safety card"",Shampoo,Hangers,""Hair dryer"",""Laptop friendly workspace""}",2,1,Real Bed,moderate,1,NYC,t,,12-10-15,Harlem,5,100,10026,1,1
6661783,448.86000000000001,Apartment,Private room,"{TV,""Wireless Internet"",""Air conditioning"",Kitchen,Heating,""Smoke detector"",""Carbon monoxide detector"",""Fire extinguisher"",Essentials,Shampoo,""Lock on bedroom door"",Hangers,""Hair dryer"",Iron,""Laptop friendly workspace"",Other}",2,2,Real Bed,flexible,1,NYC,t,1,4-26-14,Harlem,28,91,10027,1,1
2243670,519.29999999999995,Apartment,Entire home/apt,"{TV,""Cable TV"",Internet,""Wireless Internet"",""Air conditioning"",Kitchen,""Buzzer/wireless intercom"",Heating,""Family/kid friendly"",Washer,Dryer,""Smoke detector"",""Carbon monoxide detector"",""Safety card"",""Fire extinguisher"",Essentials,Shampoo,Hangers,Iron,""Laptop friendly workspace""}",3,1,Real Bed,strict,1,NYC,t,0.90000000000000002,3-05-13,Harlem,15,97,10027,2,2
5059214,431.75,Apartment,Private room,"{TV,""Wireless Internet"",""Air conditioning"",Kitchen,""Free parking on premises"",Breakfast,Heating,""Smoke detector"",""Carbon monoxide detector"",""First aid kit"",""Fire extinguisher"",Essentials,Shampoo,""Lock on bedroom door"",Hangers,""Laptop friendly workspace"",""Private living room""}",1,3,Real Bed,strict,0,NYC,f,,3-14-14,Harlem,0,,10030,2,1
16354537,478.75,Apartment,Private room,"{""Wireless Internet"",""Air conditioning"",Kitchen,Heating,Washer,Dryer,""Smoke detector"",""Carbon monoxide detector"",Essentials,Shampoo,Hangers,""Hair dryer"",Iron,""Laptop friendly workspace"",""Bed linens""}",2,1,Real Bed,strict,0,NYC,t,1,12-21-13,Harlem,14,99,10027,1,1
20556938,438.19999999999999,Apartment,Private room,"{TV,Washer,""Cable TV"",Dryer,Internet,""Smoke detector"",""Wireless Internet"",""Carbon monoxide detector"",""Air conditioning"",Kitchen,Essentials,""Lock on bedroom door"",Hangers,""Hair dryer"",Doorman,""Laptop friendly workspace"",""translation missing: en.hosting_amenity_49"",Elevator,""Private living room"",Heating}",2,1,Real Bed,strict,0,NYC,f,1,4-12-16,Harlem,41,94,10029,1,1
10165064,431.75,Apartment,Entire home/apt,"{TV,""Cable TV"",Internet,""Wireless Internet"",""Air conditioning"",Kitchen,Gym,Elevator,""Buzzer/wireless intercom"",Heating,""Family/kid friendly"",Washer,Dryer,""Smoke detector"",""Carbon monoxide detector"",Essentials,Shampoo,""Hair dryer"",Iron,""Laptop friendly workspace""}",3,1,Real Bed,flexible,0,NYC,t,,11-02-16,Harlem,1,100,10039,2,3
7359527,434.38,Apartment,Entire home/apt,"{TV,Internet,""Wireless Internet"",""Air conditioning"",Kitchen,""Free parking on premises"",Breakfast,""Buzzer/wireless intercom"",Heating,""Smoke detector"",""Carbon monoxide detector"",""Fire extinguisher"",Essentials,Shampoo}",2,1,Real Bed,flexible,0,NYC,f,,4-08-15,Harlem,1,100,10030,0,1
4902799,621.25999999999999,Apartment,Entire home/apt,"{TV,Internet,""Wireless Internet"",""Air conditioning"",""Wheelchair accessible"",Kitchen,Elevator,Heating,""Family/kid friendly"",Washer,Dryer,""Smoke detector"",""Carbon monoxide detector"",""Fire extinguisher"",Essentials,Shampoo}",4,2,Real Bed,strict,1,NYC,t,,12-23-11,Harlem,0,,10026,2,2
20976767,431.75,Apartment,Shared room,"{TV,Internet,""Wireless Internet"",""Air conditioning"",Kitchen,""Free parking on premises"",Elevator,""Buzzer/wireless intercom"",Heating,""Family/kid friendly"",""Smoke detector"",""Carbon monoxide detector"",""First aid kit"",Essentials,Shampoo,Hangers,""Hair dryer"",Iron,""Laptop friendly workspace"",""translation missing: en.hosting_amenity_50""}",2,1,Pull-out Sofa,moderate,1,NYC,t,1,3-19-13,Harlem,30,94,10026,1,1
10869168,552.14999999999998,Apartment,Entire home/apt,"{TV,""Cable TV"",Internet,""Wireless Internet"",""Air conditioning"",Kitchen,""Free parking on premises"",""Buzzer/wireless intercom"",Heating,""Family/kid friendly"",Dryer,""Smoke detector"",Essentials,Shampoo,""Hair dryer"",Iron}",7,1,Real Bed,strict,1,NYC,f,0.90000000000000002,1-01-13,Harlem,29,88,10027,3,4
7591555,424.85000000000002,Apartment,Entire home/apt,"{""Wireless Internet"",""Air conditioning"",Kitchen,Heating,""Family/kid friendly"",""Smoke detector"",""Carbon monoxide detector"",Essentials,Shampoo,""Hair dryer"",Iron,""Laptop friendly workspace""}",2,1,Real Bed,flexible,1,NYC,f,0.38,6-02-13,Harlem,7,95,10039,1,1
15454112,459.50999999999999,House,Private room,"{TV,""Cable TV"",Internet,""Wireless Internet"",""Air conditioning"",Kitchen,Heating,""Smoke detector"",""Carbon monoxide detector"",""First aid kit"",""Safety card"",""Fire extinguisher"",Essentials,Shampoo,Hangers,""Hair dryer"",Iron,""Laptop friendly workspace"",""translation missing: en.hosting_amenity_49"",""translation missing: en.hosting_amenity_50"",""Private entrance""}",2,1,Real Bed,moderate,1,NYC,t,1,6-30-14,Harlem,73,94,10030,1,1
16662334,400.73000000000002,House,Private room,"{""Wireless Internet"",Kitchen,Washer,Dryer,""Smoke detector"",""Carbon monoxide detector"",""First aid kit"",""Fire extinguisher"",Essentials,Hangers,""Hair dryer"",Iron,""Laptop friendly workspace"",""translation missing: en.hosting_amenity_49"",""translation missing: en.hosting_amenity_50""}",2,1,Real Bed,flexible,1,LA,t,1,9-20-14,Gardena,6,97,90249,1,1
19118005,552.14999999999998,Apartment,Entire home/apt,"{TV,""Cable TV"",Internet,""Wireless Internet"",""Air conditioning"",Kitchen,""Buzzer/wireless intercom"",Heating}",2,1,Real Bed,strict,0,NYC,t,0,11-12-09,Alphabet City,11,93,10009,1,2
11972209,548.05999999999995,Apartment,Entire home/apt,"{TV,""Cable TV"",Internet,""Wireless Internet"",""Air conditioning"",Kitchen,Heating,""Family/kid friendly"",""Smoke detector"",""Carbon monoxide detector"",""First aid kit"",""Safety card"",""Fire extinguisher"",Essentials,Shampoo,""24-hour check-in"",Hangers,""Hair dryer"",Iron,""Laptop friendly workspace"",""Private entrance"",Bathtub,""Baby bath"",""High chair"",""Children��s books and toys"",""Pack ��n Play/travel crib"",""Children��s dinnerware""}",7,1,Real Bed,strict,1,NYC,t,1,1-29-14,East Harlem,140,94,10029,3,3
8284881,621.46000000000004,House,Entire home/apt,"{TV,""Cable TV"",Internet,""Wireless Internet"",""Air conditioning"",Pool,Kitchen,""Free parking on premises"",Gym,""Hot tub"",""Indoor fireplace"",Heating,""Family/kid friendly"",Washer,Dryer,""Smoke detector"",""Carbon monoxide detector"",""First aid kit"",""Safety card"",""Fire extinguisher"",Essentials,Shampoo,""24-hour check-in"",Hangers,""Hair dryer"",Iron,""Laptop friendly workspace""}",8,3,Real Bed,strict,1,LA,f,1,11-01-16,Pacific Palisades,1,,90272,4,6
14276565,486.75,Apartment,Entire home/apt,"{TV,""Wireless Internet"",""Air conditioning"",Kitchen,""Buzzer/wireless intercom"",Heating,""Family/kid friendly"",""Smoke detector"",""Carbon monoxide detector"",Essentials,Hangers,""Hair dryer"",Iron,""Laptop friendly workspace""}",4,1,Real Bed,strict,1,NYC,t,0.87,1-22-14,Harlem,0,,10027,2,2
10923708,340.12,Apartment,Private room,"{TV,Internet,""Wireless Internet"",""Air conditioning"",Kitchen,""Pets live on this property"",Cat(s),""Buzzer/wireless intercom"",Heating,""Family/kid friendly"",Washer,""Smoke detector"",""Carbon monoxide detector"",""First aid kit"",""Fire extinguisher"",Essentials}",1,1,Real Bed,strict,0,NYC,t,1,6-30-14,Harlem,166,91,10031,1,1
1998513,438.19999999999999,Apartment,Entire home/apt,"{TV,Internet,""Wireless Internet"",""Air conditioning"",Kitchen,""Pets allowed"",Elevator,Heating,Washer,Dryer,""Smoke detector"",""Carbon monoxide detector"",Shampoo,""Self Check-In"",Lockbox}",2,1,Real Bed,strict,1,NYC,t,0.80000000000000004,12-21-13,Harlem,11,87,10027,0,1
18211034,449.98000000000002,Apartment,Private room,"{""Wireless Internet"",Kitchen,""Smoke detector"",""Carbon monoxide detector"",""First aid kit"",Essentials,""Lock on bedroom door"",""Laptop friendly workspace"",""translation missing: en.hosting_amenity_49"",""translation missing: en.hosting_amenity_50""}",2,1,Real Bed,flexible,0,NYC,f,,1-07-16,Harlem,0,,10030,1,1
13041230,431.75,Apartment,Entire home/apt,"{TV,Internet,""Wireless Internet"",""Wheelchair accessible"",Kitchen,""Free parking on premises"",Elevator,""Hot tub"",""Buzzer/wireless intercom"",Heating,Washer,Dryer,""Smoke detector"",""Carbon monoxide detector"",Essentials,Shampoo,Hangers,Iron,""translation missing: en.hosting_amenity_49"",""translation missing: en.hosting_amenity_50""}",3,1,Real Bed,flexible,1,NYC,t,,12-21-13,Harlem,31,87,10027,1,1
8256789,552.14999999999998,Apartment,Entire home/apt,"{TV,""Wireless Internet"",""Air conditioning"",Elevator,Heating,""Family/kid friendly"",Washer,Dryer,""Smoke detector"",""Carbon monoxide detector"",Essentials,Shampoo,""Hair dryer"",Iron}",4,2,Real Bed,moderate,1,NYC,t,1,10-02-15,Harlem,0,,10027,2,2
7347593,504.33999999999997,House,Private room,"{TV,Internet,""Wireless Internet"",Kitchen,""Smoking allowed"",""Indoor fireplace"",""Buzzer/wireless intercom"",Heating,Washer,Dryer,""Smoke detector"",""Carbon monoxide detector"",""First aid kit"",Essentials,Shampoo,""24-hour check-in"",Hangers,""Hair dryer"",Iron,""Laptop friendly workspace"",""Self Check-In"",Lockbox,""Hot water"",""Private bathroom"",""Bed linens"",""Extra pillows and blankets"",Microwave,""Coffee maker"",Refrigerator,""Dishes and silverware"",""Cooking basics"",Oven,Stove,""BBQ grill"",""Patio or balcony"",""Garden or backyard"",""Luggage dropoff allowed"",""Cleaning before checkout"",""Wide hallway clearance"",""Wide doorway"",""Wide doorway"",""Wide clearance to bed"",""Step-free access"",""Wide doorway"",""Fixed grab bars for shower & toilet"",""Accessible-height toilet"",""Wide clearance to shower & toilet"",""Step-free access"",""Wide entryway""}",4,1,Real Bed,strict,0,NYC,t,1,12-11-13,Harlem,14,89,10037,1,2
17009057,552.14999999999998,House,Entire home/apt,"{TV,""Cable TV"",Internet,""Wireless Internet"",Kitchen,""Free parking on premises"",Heating,""Family/kid friendly"",Washer,Dryer,""Smoke detector"",""Carbon monoxide detector"",""Fire extinguisher"",Essentials,Shampoo,Hangers,""Hair dryer"",Iron,""Laptop friendly workspace"",""translation missing: en.hosting_amenity_50"",""Self Check-In"",Lockbox}",4,2,Real Bed,moderate,1,SF,t,0.80000000000000004,2-23-14,Bernal Heights,25,98,94110,2,2
18333003,570.03999999999996,Apartment,Private room,"{TV,""Wireless Internet"",""Air conditioning"",Pool,Kitchen,Gym,""Elevator in building"",Heating,""Family/kid friendly"",Washer,Dryer,""Smoke detector"",Essentials,Shampoo,Hangers,""Laptop friendly workspace"",""Private living room""}",4,2,Real Bed,flexible,0,Chicago,f,0.80000000000000004,6-30-15,Loop,0,,60606,2,2
16274069,482.82999999999998,Apartment,Entire home/apt,"{TV,Internet,""Wireless Internet"",""Air conditioning"",Kitchen,""Free parking on premises"",""Buzzer/wireless intercom"",Heating,""Family/kid friendly"",""Smoke detector"",""Carbon monoxide detector"",""First aid kit"",Essentials}",4,1,Real Bed,moderate,1,NYC,f,1,2-11-14,Bedford-Stuyvesant,13,92,11216,2,3
20049857,474.49000000000001,Apartment,Entire home/apt,"{TV,""Wireless Internet"",""Air conditioning"",Kitchen,Heating,""Smoke detector"",Essentials,Hangers,""Hair dryer"",""Laptop friendly workspace"",""translation missing: en.hosting_amenity_49"",""translation missing: en.hosting_amenity_50""}",2,1,Real Bed,moderate,1,LA,f,,10-07-17,West Hollywood,0,,90046,1,1
18157879,570.38,House,Entire home/apt,"{TV,""Wireless Internet"",""Air conditioning"",Kitchen,Breakfast,Heating,""Family/kid friendly"",Washer,Dryer,""Smoke detector"",""Carbon monoxide detector"",""First aid kit"",""Safety card"",""Fire extinguisher"",Essentials,Shampoo,""Lock on bedroom door"",Hangers,""Hair dryer"",Iron,""Laptop friendly workspace""}",7,2,Real Bed,strict,1,Chicago,t,,1-20-16,Lincoln Park,9,98,60614,3,3
17666136,538.90999999999997,Apartment,Entire home/apt,"{Internet,""Wireless Internet"",""Air conditioning"",Kitchen,""Buzzer/wireless intercom"",Heating,""Smoke detector"",""Carbon monoxide detector"",""First aid kit"",Essentials,Shampoo}",4,1,Real Bed,moderate,1,NYC,f,,11-17-14,East Village,1,100,10003,2,3
2135314,519.29999999999995,Loft,Entire home/apt,"{TV,""Cable TV"",Internet,""Wireless Internet"",""Air conditioning"",Kitchen,Doorman,Elevator,""Hot tub"",""Buzzer/wireless intercom"",Heating,Washer,Dryer,""Smoke detector"",""Carbon monoxide detector"",Essentials,Shampoo}",2,1,Real Bed,strict,0,NYC,f,,7-09-15,East Village,3,87,10003,1,1
5321584,717.00999999999999,House,Entire home/apt,"{TV,""Cable TV"",Internet,""Wireless Internet"",Kitchen,""Free parking on premises"",""Indoor fireplace"",Heating,""Family/kid friendly"",Washer,Dryer,""Smoke detector"",""Carbon monoxide detector"",""Safety card"",""Fire extinguisher"",Essentials,Shampoo,""24-hour check-in"",Hangers,""Hair dryer"",Iron,""Laptop friendly workspace""}",8,2,Real Bed,strict,1,SF,t,,9-20-14,Hayes Valley,4,100,94102,4,5
13121821,501.06,Apartment,Private room,"{TV,""Cable TV"",Internet,""Wireless Internet"",""Air conditioning"",Kitchen,Heating,""Smoke detector"",""First aid kit"",Essentials,Hangers,""Hair dryer"",Iron,""Laptop friendly workspace""}",1,1,Real Bed,flexible,0,NYC,f,,9-20-14,Park Slope,0,,11215,1,1
12282255,449.98000000000002,Apartment,Entire home/apt,"{Internet,""Wireless Internet"",""Air conditioning"",Kitchen,""Pets allowed"",""Family/kid friendly"",""Smoke detector"",""Fire extinguisher"",Shampoo}",3,1,Real Bed,strict,0,NYC,t,1,4-23-15,Harlem,23,94,10030,0,1
6630775,504.33999999999997,Apartment,Entire home/apt,"{TV,""Cable TV"",Internet,""Wireless Internet"",""Air conditioning"",Kitchen,""Pets live on this property"",Dog(s),Heating,""Family/kid friendly"",""Smoke detector"",""Carbon monoxide detector"",""First aid kit"",""Safety card"",""Fire extinguisher"",Essentials,Shampoo,Hangers,""Hair dryer"",Iron,""Laptop friendly workspace"",""translation missing: en.hosting_amenity_50"",""Self Check-In"",""Smart lock""}",4,1,Real Bed,moderate,1,NYC,t,1,6-30-14,Harlem,40,97,10030,1,4
9479348,598.89999999999998,Apartment,Entire home/apt,"{""Wireless Internet"",""Air conditioning"",Kitchen,Heating,""Smoke detector"",""Carbon monoxide detector"",Essentials,Shampoo,Hangers,Iron,""translation missing: en.hosting_amenity_49"",""translation missing: en.hosting_amenity_50""}",7,2,Real Bed,strict,0,NYC,f,1,7-03-17,Hell's Kitchen,1,60,10036,3,4
3710477,674.51999999999998,House,Entire home/apt,"{TV,""Cable TV"",""Wireless Internet"",""Air conditioning"",Kitchen,Heating,""Family/kid friendly"",""Smoke detector"",""Carbon monoxide detector"",""First aid kit"",""Safety card"",""Fire extinguisher"",Essentials,Shampoo,""Lock on bedroom door"",Hangers,""Hair dryer"",Iron,""Laptop friendly workspace"",""Self Check-In"",Lockbox,""Private entrance"",""Hot water"",""Bed linens"",""Extra pillows and blankets"",Microwave,""Coffee maker"",Refrigerator,""Dishes and silverware"",""Cooking basics"",Oven,Stove}",14,2,Real Bed,moderate,1,NYC,f,1,10-07-17,Astoria,0,,11103,6,8
13978228,578.38,House,Entire home/apt,"{""Wireless Internet"",""Air conditioning"",Kitchen,""Free parking on premises"",""Smoking allowed"",""Pets allowed"",""Hot tub"",""Indoor fireplace"",Heating,""Family/kid friendly"",Washer,Dryer,""Smoke detector"",""First aid kit"",Essentials,Hangers,""Hair dryer"",""Laptop friendly workspace""}",4,3,Real Bed,flexible,0,LA,t,1,8-05-15,Mount Washington,0,,90065,2,2
16028615,487.51999999999998,Apartment,Entire home/apt,"{TV,Internet,""Wireless Internet"",""Air conditioning"",""Wheelchair accessible"",Pool,Kitchen,Gym,""Elevator in building"",""Hot tub"",""Indoor fireplace"",Heating,""Family/kid friendly"",Washer,Dryer,""Smoke detector"",""Carbon monoxide detector"",""First aid kit"",""Safety card"",""Fire extinguisher"",Essentials,Shampoo,""Lock on bedroom door"",""24-hour check-in"",Hangers,""Hair dryer"",Iron,""Laptop friendly workspace""}",4,2,Real Bed,moderate,1,Chicago,t,1,9-02-16,Loop,1,100,60605,2,2
15027031,548.05999999999995,Apartment,Entire home/apt,"{TV,""Cable TV"",Internet,""Wireless Internet"",""Air conditioning"",Kitchen,""Pets live on this property"",Cat(s),""Buzzer/wireless intercom"",Heating,""Family/kid friendly"",Washer,Dryer,Essentials,Shampoo,""24-hour check-in"",Hangers,""Hair dryer"",Iron,""Laptop friendly workspace""}",3,1,Real Bed,strict,1,NYC,t,1,9-20-14,Alphabet City,12,98,10009,1,2
19245819,424.85000000000002,Apartment,Private room,"{Internet,""Wireless Internet"",Kitchen,""Pets live on this property"",Dog(s),Washer,Dryer,""Smoke detector"",""Fire extinguisher""}",1,1,Real Bed,moderate,0,SF,t,,3-16-10,Mission District,12,90,94110,1,1
10770929,561.67999999999995,Apartment,Entire home/apt,"{TV,""Cable TV"",Internet,""Wireless Internet"",""Air conditioning"",Kitchen,Heating,""Smoke detector"",""Carbon monoxide detector"",""Fire extinguisher"",Essentials,Hangers,""Hair dryer"",Iron}",8,2,Real Bed,strict,1,NYC,t,1,6-30-14,Harlem,28,92,10026,2,5
12592005,524.70000000000005,Apartment,Entire home/apt,"{TV,""Wireless Internet"",""Air conditioning"",Kitchen,Heating,""Family/kid friendly"",Washer,Dryer,""Smoke detector"",""Safety card"",""Fire extinguisher"",Essentials,Shampoo,""Lock on bedroom door"",Hangers,""Hair dryer"",Iron}",4,1,Real Bed,moderate,1,NYC,f,0.90000000000000002,7-06-17,Harlem,10,100,10039,1,2
1174876,424.85000000000002,House,Private room,"{""Wireless Internet"",""Air conditioning"",""Pets live on this property"",Dog(s),Cat(s),Heating,""Smoke detector"",""Carbon monoxide detector"",""First aid kit"",Essentials,Shampoo,""24-hour check-in"",Hangers,""Hair dryer"",Iron,""Laptop friendly workspace"",""translation missing: en.hosting_amenity_49"",""translation missing: en.hosting_amenity_50""}",2,1,Real Bed,strict,0,NYC,t,1,6-10-15,Harlem,69,93,10027,1,1
20888646,423.41000000000003,House,Private room,"{TV,""Wireless Internet"",""Air conditioning"",Kitchen,Heating,Washer,Dryer,""Smoke detector"",""Carbon monoxide detector"",""First aid kit"",""Fire extinguisher"",Essentials,Shampoo,""Lock on bedroom door"",Hangers,""Hair dryer"",Iron,""translation missing: en.hosting_amenity_49"",""translation missing: en.hosting_amenity_50"",""Private living room"",""Private entrance""}",2,1,Real Bed,flexible,1,LA,f,0.97999999999999998,11-20-16,Canoga Park,4,100,91303,0,1
7834158,599.14999999999998,Villa,Entire home/apt,"{TV,""Cable TV"",Internet,""Wireless Internet"",Kitchen,""Free parking on premises"",""Indoor fireplace"",""Buzzer/wireless intercom"",Heating,""Family/kid friendly"",""Suitable for events"",Washer,Dryer,""Smoke detector"",Essentials,Shampoo,""24-hour check-in"",Hangers,""Hair dryer"",Iron,""Laptop friendly workspace""}",10,4,Real Bed,strict,1,LA,t,1,8-21-14,Redondo Beach,39,94,90278,4,5
6692191,423.41000000000003,House,Private room,"{TV,Internet,""Wireless Internet"",""Air conditioning"",Kitchen,""Free parking on premises"",Breakfast,Heating,Washer,Dryer,""Smoke detector"",""Carbon monoxide detector"",""First aid kit"",""Safety card"",""Fire extinguisher"",Essentials,Shampoo,""Lock on bedroom door"",""24-hour check-in"",Hangers,""Hair dryer"",Iron,""Laptop friendly workspace"",""translation missing: en.hosting_amenity_49"",""translation missing: en.hosting_amenity_50""}",1,2,Real Bed,flexible,0,LA,t,1,9-13-13,Westlake,9,100,90015,1,1
8084290,497.67000000000002,Condominium,Entire home/apt,"{TV,""Wireless Internet"",""Air conditioning"",Kitchen,Breakfast,Elevator,Heating,""Suitable for events"",Washer,Dryer,""Smoke detector"",""Carbon monoxide detector"",""First aid kit"",""Safety card"",""Fire extinguisher"",Essentials,Shampoo,""Lock on bedroom door"",Hangers,""Hair dryer"",Iron,""Private entrance"",Bathtub,""Hot water"",""Bed linens"",""Extra pillows and blankets"",Microwave,""Coffee maker"",Refrigerator,Dishwasher,""Dishes and silverware"",""Cooking basics"",Oven,Stove,""Patio or balcony"",""Step-free access"",""Flat, smooth pathway to front door"",""Host greets you""}",4,1,Real Bed,moderate,1,NYC,t,1,5-09-12,Harlem,7,94,10027,1,2
6689195,433.06999999999999,Apartment,Entire home/apt,"{TV,Internet,""Wireless Internet"",""Air conditioning"",Pool,Kitchen,Gym,""Pets live on this property"",Cat(s),""Buzzer/wireless intercom"",""Family/kid friendly"",Washer,Dryer,""Smoke detector"",""First aid kit"",""Fire extinguisher"",Essentials,Shampoo,Hangers,""Hair dryer"",Iron,""Laptop friendly workspace""}",4,1,Real Bed,strict,0,LA,t,,5-30-13,Burbank,1,,91504,2,2
11157369,409.43000000000001,Apartment,Private room,"{TV,Internet,""Wireless Internet"",""Air conditioning"",Kitchen,Heating,Essentials,Shampoo,Iron,""Laptop friendly workspace""}",1,1,Real Bed,flexible,1,NYC,t,,6-30-14,Harlem,0,,10026,1,1
15705947,478.75,Apartment,Entire home/apt,"{""Wireless Internet"",""Air conditioning"",Kitchen,""Family/kid friendly"",""Suitable for events"",Washer,Dryer,""Smoke detector"",""Carbon monoxide detector"",""First aid kit"",""Safety card"",Essentials,Shampoo,""Hair dryer"",Iron,""Laptop friendly workspace""}",4,1,Real Bed,moderate,1,NYC,f,0.80000000000000004,7-09-15,Upper East Side,7,90,10065,1,2
11456592,529.83000000000004,Loft,Private room,"{""Wireless Internet"",""Air conditioning"",""Free parking on premises"",Breakfast,Heating,Essentials,""Lock on bedroom door"",""Laptop friendly workspace"",""translation missing: en.hosting_amenity_49"",""translation missing: en.hosting_amenity_50""}",2,1,Real Bed,moderate,0,NYC,f,1,2-23-11,Williamsburg,0,,11211,0,2
1077375,400.73000000000002,Apartment,Private room,"{""Wireless Internet"",Heating,""Family/kid friendly"",""Smoke detector"",""Carbon monoxide detector"",""Fire extinguisher"",Essentials,Shampoo,Hangers,Iron,""Laptop friendly workspace"",""translation missing: en.hosting_amenity_50""}",1,1,Real Bed,moderate,1,NYC,t,,4-04-15,Sunset Park,1,100,11220,1,1
17681277,529.83000000000004,Apartment,Private room,"{TV,Internet,""Wireless Internet"",""Air conditioning"",Kitchen,""Free parking on premises"",""Indoor fireplace"",Heating,Washer,Dryer,""Smoke detector"",""Carbon monoxide detector"",""First aid kit"",""Fire extinguisher"",Essentials,Shampoo}",2,1,Real Bed,strict,1,LA,t,1,4-07-11,Echo Park,0,,90026,1,1
10842610,519.29999999999995,Apartment,Entire home/apt,"{""Wireless Internet"",Kitchen,""Free parking on premises"",""Pets allowed"",Heating,""Family/kid friendly"",""Smoke detector"",""Carbon monoxide detector"",""24-hour check-in"",Hangers,""Hair dryer"",Iron,""Laptop friendly workspace""}",6,1,Real Bed,flexible,1,NYC,t,1,7-07-12,The Rockaways,5,100,11692,3,3
8881130,448.86000000000001,House,Entire home/apt,"{TV,Internet,""Wireless Internet"",""Air conditioning"",Kitchen,""Free parking on premises"",""Pets allowed"",""Pets live on this property"",Heating,""Family/kid friendly"",Dryer,""Smoke detector"",""Carbon monoxide detector"",""First aid kit"",""Fire extinguisher"",Essentials,Shampoo,""Hair dryer"",Iron}",2,1,Real Bed,strict,1,LA,t,1,3-25-11,Woodland Hills/Warner Center,17,98,91364,1,1
14236545,490.52999999999997,Apartment,Private room,"{""Wireless Internet"",Heating,""Smoke detector"",""Carbon monoxide detector"",""First aid kit"",""Safety card"",""Fire extinguisher"",Essentials,Shampoo,Hangers,""translation missing: en.hosting_amenity_49"",""translation missing: en.hosting_amenity_50""}",2,1,Real Bed,strict,1,Boston,t,1,12-23-14,Dorchester,7,83,2125,1,1
14219018,444.26999999999998,Apartment,Private room,"{TV,""Cable TV"",Internet,""Wireless Internet"",""Air conditioning"",Kitchen,Gym,""Buzzer/wireless intercom"",Heating,""Family/kid friendly"",""translation missing: en.hosting_amenity_50"",Microwave,Refrigerator,""Dishes and silverware"",""Cooking basics"",Oven,Stove}",2,1,Real Bed,strict,1,NYC,t,0.89000000000000001,6-07-13,Harlem,97,91,10027,1,1
8596057,420.47000000000003,House,Private room,"{""Wireless Internet"",""Air conditioning"",Pool,Kitchen,""Free parking on premises"",Breakfast,""Family/kid friendly"",Washer,Dryer,Essentials,Shampoo,Hangers,""Hair dryer"",""Self Check-In"",""Doorman Entry""}",1,2,Real Bed,flexible,0,LA,f,1,4-20-16,,0,,91748,1,1
11525500,478.75,Apartment,Entire home/apt,"{""Wireless Internet"",""Air conditioning"",Heating,Washer,Dryer,Essentials,""Laptop friendly workspace"",Microwave,Refrigerator,Dishwasher,""Dishes and silverware"",""Cooking basics"",Oven,Stove,""Host greets you""}",2,1,Real Bed,flexible,1,NYC,f,1,10-07-17,Williamsburg,2,100,11206,1,1
533884,662.00999999999999,Apartment,Entire home/apt,"{TV,Internet,""Wireless Internet"",""Air conditioning"",Kitchen,""Pets allowed"",Heating,""Family/kid friendly"",Washer,Dryer,Shampoo,""24-hour check-in"",Hangers,""Hair dryer"",""Laptop friendly workspace""}",6,1,Real Bed,flexible,0,SF,f,,1-20-16,Cow Hollow,0,,94123,3,3
3585452,380.67000000000002,House,Private room,"{TV,Internet,""Wireless Internet"",""Air conditioning"",Kitchen,""Free parking on premises"",Heating,Washer,Dryer,""Smoke detector"",""Carbon monoxide detector"",""Fire extinguisher"",Essentials}",1,1,Real Bed,flexible,0,LA,t,,3-06-15,Reseda,3,100,91335,1,1
14320263,321.88999999999999,House,Shared room,"{TV,""Wireless Internet"",""Air conditioning"",Kitchen,Heating,""Smoke detector"",""Carbon monoxide detector"",Essentials,Shampoo,Hangers,""Hair dryer"",Iron,""Laptop friendly workspace"",""translation missing: en.hosting_amenity_49"",""translation missing: en.hosting_amenity_50""}",1,2,Real Bed,strict,1,LA,f,1,3-27-16,Westlake,0,,90005,1,1
11399852,424.85000000000002,House,Private room,"{""Wireless Internet"",""Air conditioning"",Kitchen,Heating,""Smoke detector"",""Carbon monoxide detector"",Essentials,Shampoo,""Lock on bedroom door"",Hangers,""Hair dryer"",""translation missing: en.hosting_amenity_49"",""translation missing: en.hosting_amenity_50""}",2,1,Real Bed,strict,0,NYC,t,1,6-10-15,Harlem,41,95,10027,1,2
12386097,366.36000000000001,Apartment,Shared room,"{TV,Internet,""Wireless Internet"",""Air conditioning"",Kitchen,Heating,""Smoke detector"",Essentials,Shampoo}",1,1,Real Bed,moderate,1,NYC,t,1,10-02-15,Harlem,18,96,10027,1,2
1404510,534.71000000000004,Townhouse,Entire home/apt,"{TV,""Wireless Internet"",Kitchen,""Free parking on premises"",""Indoor fireplace"",Heating,""Family/kid friendly"",Washer,Dryer,""Smoke detector"",""First aid kit"",""Fire extinguisher"",Essentials,Shampoo,Hangers,""Hair dryer"",Iron,""Laptop friendly workspace""}",6,2,Real Bed,moderate,1,LA,t,1,9-02-15,West Los Angeles,10,95,90025,3,3
4691130,444.26999999999998,House,Private room,"{TV,""Wireless Internet"",""Air conditioning"",Pool,Kitchen,""Free parking on premises"",Breakfast,Heating,""Family/kid friendly"",Washer,Dryer,""Smoke detector"",""Carbon monoxide detector"",""First aid kit"",Essentials,Shampoo,""Lock on bedroom door"",Hangers,""Hair dryer"",Iron,""Laptop friendly workspace""}",2,1,Real Bed,flexible,1,LA,t,0,10-28-13,,0,,91324,1,1
16449480,468.20999999999998,Apartment,Private room,"{TV,""Cable TV"",Internet,""Wireless Internet"",""Air conditioning"",Kitchen,""Smoking allowed"",""Pets allowed"",Doorman,Elevator,Heating,Washer,Dryer,""Smoke detector"",""Fire extinguisher"",Essentials,Shampoo}",2,1,Real Bed,moderate,1,NYC,f,1,3-26-12,East Harlem,4,90,10029,1,1
15149374,444.26999999999998,Bungalow,Private room,"{""Wireless Internet"",Kitchen,""Pets allowed"",""Indoor fireplace"",Heating,Washer,Dryer,""Smoke detector"",""Carbon monoxide detector"",""First aid kit"",""Fire extinguisher"",Essentials,Shampoo,""Lock on bedroom door"",Hangers,""Hair dryer"",Iron,""Laptop friendly workspace""}",3,1,Real Bed,strict,1,LA,t,0.96999999999999997,8-17-12,Venice,3,100,90291,0,1
10089727,594.01999999999998,Villa,Entire home/apt,"{""Air conditioning"",""Wheelchair accessible"",Pool,""Free parking on premises"",Gym,""Hot tub"",""Family/kid friendly"",Essentials,Shampoo}",6,1,Real Bed,strict,1,LA,f,1,6-06-15,,15,89,90265,3,4
3323232,460.51999999999998,Condominium,Private room,"{TV,""Wireless Internet"",""Air conditioning"",Kitchen,Breakfast,Heating,""Family/kid friendly"",Washer,Dryer,""Smoke detector"",""Carbon monoxide detector"",""First aid kit"",""Fire extinguisher"",Essentials,Shampoo,""Lock on bedroom door"",Hangers,""Hair dryer"",Iron,""Laptop friendly workspace"",""Private living room""}",2,1,Real Bed,flexible,0,NYC,f,1,10-02-15,Harlem,0,,10039,1,1
20899396,470.05000000000001,Apartment,Entire home/apt,"{TV,Internet,""Wireless Internet"",""Air conditioning"",Kitchen,""Buzzer/wireless intercom"",Heating,""Family/kid friendly"",""Smoke detector"",""Carbon monoxide detector"",Essentials,Shampoo}",4,1,Real Bed,flexible,1,NYC,t,1,12-21-13,Harlem,4,85,10030,1,2
3380585,436.94,Apartment,Private room,"{TV,""Cable TV"",Internet,""Wireless Internet"",""Air conditioning"",Kitchen,Elevator,""Buzzer/wireless intercom"",Heating,Washer,Dryer,""Smoke detector"",""Carbon monoxide detector"",Essentials}",2,1,Real Bed,moderate,0,NYC,f,,6-30-14,Harlem,2,70,10027,1,1
16073836,431.75,House,Private room,"{TV,Internet,""Wireless Internet"",""Free parking on premises"",""Family/kid friendly"",Washer,Dryer,Essentials}",2,1,Real Bed,flexible,0,LA,f,,9-02-16,Culver City,0,,90232,1,1
20257960,478.75,House,Private room,"{Internet,""Wireless Internet"",""Air conditioning"",Kitchen,""Family/kid friendly"",Washer,Dryer,""Smoke detector"",""First aid kit"",""Fire extinguisher""}",2,1,Real Bed,flexible,0,LA,t,,3-06-13,Mid-Wilshire,0,,90035,1,1
4559312,510.58999999999997,Apartment,Entire home/apt,"{Internet,""Wireless Internet"",""Air conditioning"",Kitchen,""Pets live on this property"",Dog(s),""Buzzer/wireless intercom"",Heating,""Family/kid friendly"",""Smoke detector"",""Carbon monoxide detector"",Shampoo,Hangers,""Hair dryer"",""Laptop friendly workspace""}",4,1,Real Bed,strict,0,NYC,t,,3-06-13,Harlem,2,80,10026,2,2
2165604,368.88999999999999,Apartment,Private room,"{""Wireless Internet"",""Air conditioning"",Kitchen,""Smoking allowed"",Breakfast,""Pets live on this property"",Cat(s),""Buzzer/wireless intercom"",""Smoke detector"",""Carbon monoxide detector"",""First aid kit"",""Fire extinguisher"",Essentials,Shampoo,Hangers,""Hair dryer"",Iron,""translation missing: en.hosting_amenity_49"",""translation missing: en.hosting_amenity_50"",""Host greets you""}",2,1,Real Bed,moderate,1,NYC,t,1,3-14-16,Harlem,7,94,10039,1,1
18385413,409.43000000000001,Apartment,Entire home/apt,"{TV,""Cable TV"",Internet,""Wireless Internet"",""Air conditioning"",Kitchen,Elevator,""Buzzer/wireless intercom"",Heating,Essentials,Hangers,""Hair dryer"",Iron}",2,1,Real Bed,flexible,0,NYC,f,,6-04-14,Harlem,18,91,10030,0,1
9470528,477.91000000000003,Apartment,Entire home/apt,"{TV,""Cable TV"",Internet,""Wireless Internet"",""Air conditioning"",Kitchen,Heating,""Smoke detector"",Essentials}",2,1,Real Bed,moderate,1,NYC,t,1,10-02-15,Harlem,5,88,10027,0,2
